Transaction Date,Post Date,Description,Category,Type,Amount
2/4/2022,2/4/2022,CHEWY.COM,Shopping,Sale,-57.87
2/2/2022,2/3/2022,USPS PO 2400650176,Shopping,Sale,-0.73
1/31/2022,2/1/2022,COURSRA1V47MMSIYHWO5R,Education,Sale,-299
1/31/2022,2/1/2022,SQ *DADDY'S FRIED DOUGH,Food & Drink,Sale,-11.25
1/31/2022,2/1/2022,SICHUAN TASTE,Food & Drink,Sale,-83.25
1/28/2022,1/30/2022,F45 TRAINING SAUGUS,Health & Wellness,Sale,-88
1/28/2022,1/30/2022,F45 TRAINING SAUGUS,Health & Wellness,Sale,-88
1/29/2022,1/30/2022,UNCOMMONGOODS,Shopping,Sale,-138.13
1/30/2022,1/30/2022,BRADFORD SKI AREA E- COM,Entertainment,Sale,-300
1/28/2022,1/28/2022,Payment Thank You-Mobile,,Payment,1502.21
1/26/2022,1/27/2022,TST* SWISSBAKERS - READIN,Food & Drink,Sale,-12.5
1/22/2022,1/23/2022,COSTCO WHSE #0308,Shopping,Sale,-284.98
1/22/2022,1/23/2022,COSTCO WHSE #0308,Shopping,Sale,-5.86
1/19/2022,1/21/2022,BLAZE PIZZA #1230,Food & Drink,Sale,-29.21
1/20/2022,1/20/2022,AMZN Mktp US*KM37J9XN3,Shopping,Sale,-10.61
1/18/2022,1/19/2022,9640 AMC ONLINE,Entertainment,Sale,-23.95
1/18/2022,1/19/2022,9640 AMC ONLINE,Entertainment,Sale,-23.95
1/16/2022,1/18/2022,SICHUAN TASTE,Food & Drink,Sale,-68.27
1/15/2022,1/17/2022,BLAZE PIZZA - 1230 - BURL,Food & Drink,Sale,-30.28
1/15/2022,1/16/2022,JOHNSTON &amp; MURPHY #1603,Shopping,Sale,-21.24
1/15/2022,1/16/2022,YCC STORE 00121,Shopping,Sale,-82.34
1/15/2022,1/16/2022,FIV*GONGCHA BURLINGTON,Food & Drink,Sale,-13.91
1/15/2022,1/16/2022,CVS/PHARMACY #00714,Health & Wellness,Sale,-6
1/15/2022,1/16/2022,Amazon.com*QP53D9GN3,Shopping,Sale,-9.51
1/15/2022,1/16/2022,AMZN Mktp US*Q96PX1XV3,Shopping,Sale,-26.02
1/14/2022,1/14/2022,Payment Thank You-Mobile,,Payment,1006.33
1/12/2022,1/13/2022,CHEWY.COM,Shopping,Sale,-74.99
1/13/2022,1/13/2022,AMZN Mktp US*OH3SO2T43,Shopping,Sale,-47.22
1/13/2022,1/13/2022,Amazon.com*UE0ID0ZS3,Shopping,Sale,-6.31
1/10/2022,1/12/2022,TOUS LES JOURS,Food & Drink,Sale,-8.03
1/10/2022,1/11/2022,CVS/PHARMACY #05382,Health & Wellness,Sale,-23.22
1/8/2022,1/10/2022,CUMBERLAND FARMS 6757,Gas,Sale,-65.05
1/8/2022,1/9/2022,COSTCO WHSE #0301,Shopping,Sale,-4.79
1/8/2022,1/9/2022,99 ASIAN SUPERMARKET,Groceries,Sale,-84.44
1/8/2022,1/9/2022,COSTCO WHSE #0301,Shopping,Sale,-310.27
1/5/2022,1/6/2022,TST* KANE S DONUTS - ROUT,Food & Drink,Sale,-23.22
1/4/2022,1/5/2022,Amazon.com*3Y4KE43Q3,Shopping,Sale,-33.04
1/4/2022,1/5/2022,Amazon.com*HX3X826K3,Shopping,Sale,-13.41
1/3/2022,1/5/2022,BLAZE PIZZA #1230,Food & Drink,Sale,-29.21
1/2/2022,1/3/2022,CVS/PHARMACY #02500,Health & Wellness,Sale,-25
12/31/2021,1/2/2022,Payment Thank You-Mobile,,Payment,1800
12/26/2021,12/28/2021,SHELL OIL 57545566903,Gas,Sale,-62.51
12/26/2021,12/28/2021,GERMAN DONER KEBAB,Food & Drink,Sale,-11.72
12/27/2021,12/28/2021,SQ *THE COFFEE POTTER,Food & Drink,Sale,-11.94
12/26/2021,12/27/2021,AD PARKING,Shopping,Sale,-3
12/26/2021,12/27/2021,MITSUWA-GONBEI NJ,Groceries,Sale,-16.21
12/19/2021,12/21/2021,STARBUCKS STORE 47021,Food & Drink,Sale,-13.04
12/19/2021,12/21/2021,TSAOCAA TEA,Food & Drink,Sale,-11.72
12/20/2021,12/21/2021,F45 TRAINING SAUGUS,Health & Wellness,Sale,-88
12/18/2021,12/20/2021,FIV*GONG CHA,Food & Drink,Sale,-11.77
12/19/2021,12/20/2021,POPEYES 11230,Food & Drink,Sale,-27.57
12/17/2021,12/19/2021,BULGER VETERINARY HOSPITA,Personal,Sale,-182.07
12/17/2021,12/19/2021,WALGREENS #2577,Health & Wellness,Sale,-11.28
12/18/2021,12/19/2021,PETSMART # 1962,Shopping,Return,6.32
12/18/2021,12/19/2021,9640 AMC ONLINE,Entertainment,Sale,-23.95
12/18/2021,12/19/2021,9640 AMC ONLINE,Entertainment,Sale,-23.95
12/17/2021,12/19/2021,Subway 62704,Food & Drink,Sale,-17.32
12/16/2021,12/17/2021,POPEYES 11230,Food & Drink,Sale,-15.16
12/15/2021,12/15/2021,Payment Thank You-Mobile,,Payment,1108.43
12/13/2021,12/14/2021,CVS/PHARMACY #02500,Health & Wellness,Sale,-2.98
12/13/2021,12/14/2021,CVS/PHARMACY #02500,Health & Wellness,Sale,-11
12/13/2021,12/14/2021,PETSMART # 1962,Shopping,Sale,-19.2
12/13/2021,12/14/2021,BULGER VETERINARY HOSPITA,Personal,Sale,-166.41
12/13/2021,12/14/2021,CRUMBL,Groceries,Sale,-23.54
12/12/2021,12/13/2021,F45 TRAINING SAUGUS,Health & Wellness,Sale,-88
12/11/2021,12/12/2021,SPEEDWAY 02513,Gas,Sale,-62.26
12/11/2021,12/12/2021,PARKWHIZ  INC.,Travel,Sale,-5
12/11/2021,12/12/2021,SQ *THE HAPPY CACTUS GIFT,Shopping,Sale,-18.19
12/11/2021,12/12/2021,USA*CSC TEP CO,Shopping,Sale,-2
12/11/2021,12/12/2021,USA*CSC TEP CO,Shopping,Sale,-2
12/11/2021,12/12/2021,TST* YOKI MEDFORD,Food & Drink,Sale,-36.46
12/9/2021,12/10/2021,SEPHORA.COM,Shopping,Sale,-21.89
12/8/2021,12/9/2021,VFC*SMARTWOOL,Shopping,Sale,-184.2
12/7/2021,12/8/2021,UNCOMMONGOODS,Shopping,Sale,-32.58
12/6/2021,12/8/2021,TSAOCAA TEA,Food & Drink,Sale,-10.95
12/7/2021,12/8/2021,TRADER JOE'S #506  QPS,Groceries,Sale,-60.65
12/7/2021,12/8/2021,CRUMBL,Groceries,Sale,-23.54
12/7/2021,12/7/2021,Payment Thank You-Mobile,,Payment,1400
12/6/2021,12/7/2021,F45 TRAINING SAUGUS,Health & Wellness,Sale,-88
12/5/2021,12/6/2021,DicksSportingGoods.com,Shopping,Sale,-39.99
12/4/2021,12/5/2021,POPEYES 11230,Food & Drink,Sale,-26.18
12/4/2021,12/5/2021,COSTCO WHSE #0333,Shopping,Sale,-203
12/3/2021,12/3/2021,YAMIBUY,Shopping,Sale,-62.04
12/1/2021,12/2/2021,HLLFRSH*2646923919,Groceries,Sale,-87.65
12/1/2021,12/2/2021,91367 - ARTISAN WEST GARA,Travel,Sale,-2
12/1/2021,12/2/2021,COSTCO WHSE #0333,Shopping,Sale,-427.75
11/30/2021,12/1/2021,SQ *TOTTO RAMEN SOMERVILL,Food & Drink,Sale,-53.28
11/30/2021,12/1/2021,TRADER JOE'S #560 QPS,Groceries,Sale,-8.48
11/30/2021,11/30/2021,Payment Thank You-Mobile,,Payment,1000
11/29/2021,11/30/2021,MCDONALD'S F2392,Food & Drink,Sale,-15.16
11/27/2021,11/29/2021,OLDWICK MARKET,Food & Drink,Sale,-51.4
11/28/2021,11/28/2021,FRESH INTERNET,Shopping,Sale,-227.11
11/26/2021,11/28/2021,COSMETIC DERMATOLOGY I,Shopping,Sale,-41.08
11/26/2021,11/26/2021,Payment Thank You-Mobile,,Payment,1000
11/25/2021,11/26/2021,SP * ROSE INC.,Entertainment,Sale,-23.8
11/25/2021,11/26/2021,UNCOMMONGOODS,Shopping,Sale,-95.52
11/25/2021,11/26/2021,SP * ROSE INC.,Entertainment,Sale,-13.18
11/25/2021,11/25/2021,Offer:PetSmart,Fees & Adjustments,Adjustment,0.84
11/23/2021,11/25/2021,SEASONS 52 0074532,Food & Drink,Sale,-88
11/23/2021,11/25/2021,EXXONMOBIL    47964051,Gas,Sale,-62.35
11/22/2021,11/23/2021,F45 TRAINING SAUGUS,Health & Wellness,Sale,-88
11/21/2021,11/23/2021,KUNG FU TEA - PALISADE,Food & Drink,Sale,-14.2
11/20/2021,11/21/2021,TST* MYSTIC STATION,Food & Drink,Sale,-67.78
11/20/2021,11/21/2021,DICK'S SPORTING GOODS,Shopping,Sale,-311.49
11/20/2021,11/21/2021,CRUMBL,Groceries,Sale,-37.52
11/20/2021,11/21/2021,PETSMART # 1962,Shopping,Sale,-8.36
11/18/2021,11/19/2021,9640 AMC ONLINE,Entertainment,Sale,-23.95
11/18/2021,11/19/2021,9640 AMC ONLINE,Entertainment,Sale,-23.95
11/17/2021,11/18/2021,SP * MISEN,Groceries,Sale,-486.1
11/17/2021,11/17/2021,Payment Thank You-Mobile,,Payment,1000
11/17/2021,11/17/2021,CHEWY.COM,Shopping,Sale,-63.13
11/16/2021,11/17/2021,WAL-MART #3114,Groceries,Sale,-35.94
11/15/2021,11/16/2021,TRADER JOE'S #506  QPS,Groceries,Sale,-9.42
11/15/2021,11/15/2021,Offer:PetSmart,Fees & Adjustments,Adjustment,2.59
11/13/2021,11/15/2021,YAMATO BOSTON,Food & Drink,Sale,-85
11/13/2021,11/15/2021,RIMOWA - BOSTON,Shopping,Sale,-1551.25
11/13/2021,11/14/2021,PARKWHIZ  INC.,Travel,Sale,-12.49
11/13/2021,11/14/2021,KOHLS #0729,Shopping,Sale,-28.6
11/13/2021,11/14/2021,LULULEMON NEWBURY,Shopping,Sale,-292
11/13/2021,11/14/2021,PEET'S #31005,Food & Drink,Sale,-5.03
11/11/2021,11/14/2021,LAHEY CLINIC GARAGE,Travel,Sale,-7
11/13/2021,11/14/2021,CVS/PHARMACY #01217,Health & Wellness,Sale,-33.78
11/11/2021,11/12/2021,COSTCO WHSE #0301,Shopping,Sale,-99.64
11/11/2021,11/12/2021,SPEEDWAY 02481,Gas,Sale,-56.74
11/11/2021,11/12/2021,COSTCO WHSE #0301,Shopping,Sale,-1.59
11/9/2021,11/11/2021,KOWLOON RESTAURANT,Food & Drink,Sale,-60
11/9/2021,11/10/2021,PETSMART # 1962,Shopping,Sale,-25.86
11/9/2021,11/10/2021,TRADER JOE'S #506  QPS,Groceries,Sale,-21.2
11/9/2021,11/10/2021,CVS/PHARMACY #02500,Health & Wellness,Sale,-34.82
11/8/2021,11/9/2021,F45 TRAINING SAUGUS,Health & Wellness,Sale,-88
11/8/2021,11/9/2021,F45 TRAINING SAUGUS,Health & Wellness,Sale,-88
11/8/2021,11/9/2021,SL.NORD* VPNCOM,Shopping,Return,83.94
11/6/2021,11/8/2021,NIJIYA JAPANESE RESTAURAN,Food & Drink,Sale,-53
11/7/2021,11/8/2021,Payment Thank You-Mobile,,Payment,1000
11/7/2021,11/8/2021,IKEA.COM 399049749,Home,Sale,-155.95
11/6/2021,11/8/2021,WENDYS #2655,Food & Drink,Sale,-12.16
11/7/2021,11/8/2021,IKEA STOUGHTON REST,Food & Drink,Sale,-7.48
11/7/2021,11/8/2021,IKEA STOUGHTON REST,Food & Drink,Sale,-20.72
11/7/2021,11/8/2021,IKEA STOUGHTON,Home,Sale,-62.4
11/6/2021,11/8/2021,RPS MEDFORD CITY OF MEDFO,Travel,Sale,-1.25
11/6/2021,11/7/2021,EXPRESS#1748,Shopping,Sale,-144.41
11/5/2021,11/7/2021,WILLIAMS-SONOMA.COM,Home,Sale,-191.2
11/6/2021,11/7/2021,EXPRESS#1748,Shopping,Sale,-247.51
11/6/2021,11/7/2021,CVS/PHARMACY #11400,Health & Wellness,Sale,-40.02
11/6/2021,11/7/2021,TRADER JOE'S #560 QPS,Groceries,Sale,-12.6
11/6/2021,11/7/2021,TJMAXX #713,Shopping,Sale,-43.53
11/4/2021,11/5/2021,REDEMPTION CREDIT,Fees & Adjustments,Adjustment,100.98
11/4/2021,11/5/2021,REDEMPTION CREDIT,Fees & Adjustments,Adjustment,45.53
11/4/2021,11/5/2021,REDEMPTION CREDIT,Fees & Adjustments,Adjustment,94.69
11/4/2021,11/5/2021,SL.NORD* VPNCOM,Shopping,Sale,-83.94
11/4/2021,11/5/2021,Payment Thank You-Mobile,,Payment,435.41
11/3/2021,11/4/2021,MANSCAPED,Shopping,Sale,-104.09
11/2/2021,11/4/2021,WENDY'S #933,Food & Drink,Sale,-9.5
10/31/2021,11/2/2021,ABINGTON ALE HOUSE,Food & Drink,Sale,-100
10/31/2021,11/2/2021,EXXONMOBIL    97504724,Gas,Sale,-46.87
10/31/2021,11/2/2021,EXXONMOBIL    97504724,Gas,Sale,-1.99
11/1/2021,11/2/2021,DUNKIN #340032 Q35,Food & Drink,Sale,-3.83
11/1/2021,11/2/2021,TRADER JOE'S #506  QPS,Groceries,Sale,-39.55
11/1/2021,11/2/2021,COSTCO WHSE #0301,Shopping,Sale,-333.64
10/31/2021,11/1/2021,MAMIE CLAFOUTIS 2010,Food & Drink,Sale,-23.46
10/30/2021,10/31/2021,CAFE OLIMPICO,Food & Drink,Sale,-12.62
10/30/2021,10/31/2021,COOP EMPREINTE,Shopping,Sale,-245.32
10/29/2021,10/31/2021,STM PREFONTAINE DIN101,Travel,Sale,-2.84
10/30/2021,10/31/2021,NOEL ETERNEL INC,Shopping,Sale,-12.12
10/30/2021,10/31/2021,CAFE OLIMPICO,Food & Drink,Sale,-9.82
10/28/2021,10/29/2021,STM PREFONTAINE DIN101,Travel,Sale,-33.33
10/28/2021,10/29/2021,PATISSERIE AU KOUIGN AMAN,Food & Drink,Sale,-11.78
10/26/2021,10/28/2021,RESTAURANT VIN PAPILLON I,Food & Drink,Sale,-519.57
10/26/2021,10/28/2021,LE TOIT ROUGE RESTO-BAR,Food & Drink,Sale,-33.39
10/24/2021,10/28/2021,SUSHI SUGOI,Food & Drink,Sale,-40.25
10/25/2021,10/27/2021,AGENCE DE MOBILIT  DURABL,Travel,Sale,-8.45
10/25/2021,10/27/2021,LE TOIT ROUGE RESTO-BAR,Food & Drink,Sale,-31.01
10/26/2021,10/27/2021,CHATIME CHINA TOWN,Food & Drink,Sale,-18.8
10/25/2021,10/27/2021,QUEUES DE CASTOR / BEAVER,Food & Drink,Sale,-12.59
10/26/2021,10/26/2021,TimeOut - MON-MARU,Food & Drink,Sale,-30
10/24/2021,10/25/2021,V DE MTL BIODOME BILLETS,Bills & Utilities,Sale,-96.6
10/23/2021,10/25/2021,AGENCE DE MOBILIT  DURABL,Travel,Sale,-4.06
10/23/2021,10/24/2021,RESTAURANT CHILLAX,Food & Drink,Sale,-23.13
10/22/2021,10/24/2021,COMMON MAN NO. IRVING,Gas,Sale,-9.02
10/22/2021,10/24/2021,WAL-MART #3114,Groceries,Sale,-52.59
10/23/2021,10/24/2021,STM BERRI UQAM DIN102,Travel,Sale,-11.77
10/22/2021,10/24/2021,WAL-MART #3114,Groceries,Sale,-12.52
10/22/2021,10/24/2021,MCDONALD'S F2392,Food & Drink,Sale,-10.7
10/23/2021,10/24/2021,STM BERRI UQAM DIN102,Travel,Sale,-11.77
10/23/2021,10/24/2021,RESTAURANT L'AVENUE,Food & Drink,Sale,-73.1
10/22/2021,10/24/2021,DOORDASH*FUKU,Food & Drink,Sale,-31
10/23/2021,10/24/2021,JUGO JUICE,Food & Drink,Sale,-10.5
10/23/2021,10/24/2021,AIRBNB  HMYMJPXEXW,Travel,Return,45.53
10/23/2021,10/24/2021,AIRBNB  HMYMJPXEXW,Travel,Sale,-45.53
10/22/2021,10/24/2021,CHEWY.COM,Shopping,Return,6.36
10/23/2021,10/24/2021,LOccitane,Shopping,Sale,-22.88
10/20/2021,10/22/2021,STARBUCKS STORE 18666,Food & Drink,Sale,-10.17
10/20/2021,10/21/2021,TST* KANE S DONUTS - ROUT,Food & Drink,Sale,-6.62
10/20/2021,10/21/2021,SQ *TOTTO RAMEN SOMERVILL,Food & Drink,Sale,-78.28
10/20/2021,10/21/2021,PETSMART # 1962,Shopping,Sale,-48.84
10/18/2021,10/19/2021,9640 AMC ONLINE,Entertainment,Sale,-23.95
10/17/2021,10/19/2021,APPLEBEES SAUG31231574,Food & Drink,Sale,-35
10/18/2021,10/19/2021,9640 AMC ONLINE,Entertainment,Sale,-23.95
10/17/2021,10/18/2021,Payment Thank You-Mobile,,Payment,5887.75
10/15/2021,10/17/2021,F45 TRAINING SAUGUS,Health & Wellness,Sale,-88
10/16/2021,10/17/2021,TST* KANE S DONUTS - ROUT,Food & Drink,Sale,-6.3
10/15/2021,10/17/2021,HARVARD BKSTR 90200015,Shopping,Sale,-18.16
10/15/2021,10/17/2021,KOHLS #0729,Shopping,Sale,-92.15
10/15/2021,10/17/2021,SQ *HOKKAIDO RAMEN SANTOU,Food & Drink,Sale,-55.88
10/14/2021,10/15/2021,SQ *POKE BY LOVE ART NORT,Food & Drink,Sale,-35.84
10/13/2021,10/14/2021,DELTA AUTO INC,Gas,Sale,-32.14
10/13/2021,10/14/2021,HC AUDI BURLINGTON,Automotive,Sale,-4589.3
10/14/2021,10/14/2021,F45 TRAINING SAUGUS,Health & Wellness,Sale,-88
10/13/2021,10/14/2021,TJMAXX #713,Shopping,Sale,-8.48
10/13/2021,10/14/2021,0504 AMC ASSEMBLY ROW 12,Entertainment,Sale,-17.42
10/12/2021,10/12/2021,CHEWY.COM,Shopping,Sale,-65.77
10/11/2021,10/12/2021,WAL-MART #3114,Groceries,Sale,-58.41
10/11/2021,10/11/2021,TST* SWISSBAKERS - ALLSTO,Food & Drink,Sale,-14
10/10/2021,10/11/2021,99 RANCH MARKET #16,Groceries,Sale,-137.53
10/8/2021,10/10/2021,BLAZE PIZZA #1154,Food & Drink,Sale,-37.68
10/8/2021,10/10/2021,COSTCO WHSE #0333,Shopping,Sale,-131.06
10/7/2021,10/8/2021,AIRBNB  HMYMJPXEXW,Travel,Sale,-94.69
10/6/2021,10/8/2021,TSAOCAA TEA,Food & Drink,Sale,-10.7
10/7/2021,10/8/2021,TST* SUMIAO XIANG RESTAUR,Food & Drink,Sale,-103.81
10/1/2021,10/3/2021,F45 TRAINING SAUGUS,Health & Wellness,Sale,-88
10/2/2021,10/3/2021,TST* JP LICKS - ASSEMBLY,Food & Drink,Sale,-15.83
10/3/2021,10/3/2021,AMZN Mktp US*2C2ZJ9502,Shopping,Sale,-14.44
10/2/2021,10/3/2021,SQ *JANET NIGRO,Personal,Sale,-22
10/1/2021,10/3/2021,TRADER JOE'S #560 QPS,Groceries,Sale,-4.98
9/30/2021,10/1/2021,TST* KANE S DONUTS - ROUT,Food & Drink,Sale,-3.47
9/30/2021,9/30/2021,Payment Thank You-Mobile,,Payment,2000
9/28/2021,9/30/2021,TSAOCAA TEA,Food & Drink,Sale,-6.15
9/30/2021,9/30/2021,F45 TRAINING SAUGUS,Health & Wellness,Sale,-88
9/28/2021,9/29/2021,TRADER JOE'S #506  QPS,Groceries,Sale,-94.38
9/28/2021,9/29/2021,COSTCO WHSE #0333,Shopping,Sale,-191.77
9/28/2021,9/29/2021,PETSMART # 1962,Shopping,Sale,-3.65
9/28/2021,9/29/2021,COSTCO WHSE #0333,Shopping,Sale,-29.29
9/27/2021,9/28/2021,SQ *ISTANBUL DINER CAFE,Food & Drink,Sale,-23.43
9/26/2021,9/27/2021,AMZN Mktp US*2C9676PH1,Shopping,Sale,-14.85
9/25/2021,9/26/2021,Amazon.com*2G71X2RR2,Shopping,Sale,-40.35
9/25/2021,9/26/2021,Amazon.com*2G07C7RX2,Shopping,Sale,-33.43
9/24/2021,9/26/2021,AMZN Mktp US*2G3I229V2,Shopping,Sale,-9.41
9/24/2021,9/26/2021,BLAZE PIZZA #1230,Food & Drink,Sale,-27.23
9/23/2021,9/24/2021,99 ASIAN SUPERMARKET,Groceries,Sale,-18.64
9/22/2021,9/23/2021,WALGREENS #2577,Health & Wellness,Sale,-4.49
9/22/2021,9/23/2021,WALGREENS #2577,Health & Wellness,Sale,-38.76
9/22/2021,9/23/2021,SAUGUS DELI &amp; PIZZERIA,Food & Drink,Sale,-20.16
9/21/2021,9/22/2021,99 ASIAN SUPERMARKET,Groceries,Sale,-21.26
9/20/2021,9/21/2021,Amazon.com*2G9SL6XE2,Groceries,Sale,-45.27
9/19/2021,9/21/2021,BLAZE PIZZA #1230,Food & Drink,Sale,-14.18
9/19/2021,9/20/2021,Amazon.com*2G0MK1GK2,Shopping,Sale,-25.19
9/19/2021,9/19/2021,Amazon.com*2G2JO9K00,Shopping,Sale,-13.37
9/19/2021,9/19/2021,Amazon.com*2G5Y14U71,Shopping,Sale,-26.02
9/18/2021,9/19/2021,9640 AMC ONLINE,Entertainment,Sale,-5
9/18/2021,9/19/2021,9640 AMC ONLINE,Entertainment,Sale,-5
9/17/2021,9/19/2021,AIRBNB  HMYMJPXEXW,Travel,Sale,-100.98
9/17/2021,9/19/2021,99 ASIAN SUPERMARKET,Groceries,Sale,-11.79
9/17/2021,9/19/2021,CVS/PHARMACY #11400,Health & Wellness,Sale,-10.08
9/16/2021,9/17/2021,F45 TRAINING SAUGUS,Health & Wellness,Sale,-88
9/15/2021,9/16/2021,HLLFRSH*2431695989,Groceries,Sale,-118.83
9/16/2021,9/16/2021,F45 TRAINING SAUGUS,Health & Wellness,Sale,-88
9/15/2021,9/16/2021,HLLFRSH*2431695989,Groceries,Return,118.83
9/15/2021,9/15/2021,Payment Thank You-Mobile,,Payment,1400
9/14/2021,9/15/2021,SQ *WOOJEON2,Food & Drink,Sale,-11.71
9/14/2021,9/15/2021,H MART - BURLINGTON,Groceries,Sale,-147.32
9/12/2021,9/14/2021,SHELL OIL 57542920103,Gas,Sale,-4.02
9/13/2021,9/14/2021,COSTCO WHSE #0301,Shopping,Sale,-262.43
9/13/2021,9/14/2021,COSTCO WHSE #0301,Shopping,Sale,-23.35
9/13/2021,9/13/2021,NASHOBA VALLEY SKI AREA,Entertainment,Sale,-60
9/12/2021,9/13/2021,SQ *LAKESIDE PET LOUNGE,Professional Services,Sale,-43.25
9/10/2021,9/12/2021,TARGET        00012245,Shopping,Sale,-29.85
9/4/2021,9/7/2021,TOUS LES JOURS - MALDEN,Food & Drink,Sale,-23.34
9/4/2021,9/6/2021,EXXONMOBIL    97441117,Gas,Sale,-59.28
9/5/2021,9/6/2021,TST* TURKISH LAZURI CAFE,Food & Drink,Sale,-38.98
9/4/2021,9/6/2021,PRESSED CAFE LLC,Food & Drink,Sale,-28.41
9/4/2021,9/6/2021,RICHARDSONS ICE CREAM,Food & Drink,Sale,-9.5
9/4/2021,9/6/2021,RMV E-SERVICES,Bills & Utilities,Sale,-45
9/4/2021,9/6/2021,BULGER VETERINARY HOSPITA,Personal,Sale,-381.48
9/4/2021,9/5/2021,TST* KANE S DONUTS - ROUT,Food & Drink,Sale,-10.37
9/2/2021,9/5/2021,TSAOCAA TEA,Food & Drink,Sale,-12.77
9/4/2021,9/5/2021,NAYAX VENDING 25,Food & Drink,Sale,-1
9/2/2021,9/2/2021,DOORDASH*THAI CAFE LYN,Food & Drink,Sale,-44.27
8/31/2021,9/1/2021,Amazon.com*257UN8H60,Shopping,Sale,-55.14
8/29/2021,8/31/2021,POKEWORKS HARVARD SQUARE,Food & Drink,Sale,-34.08
8/29/2021,8/30/2021,MUSE PAINTBAR  LLC,Education,Sale,-100
8/29/2021,8/30/2021,IKEA STOUGHTON,Home,Sale,-210.13
8/29/2021,8/30/2021,IKEA STOUGHTON REST,Food & Drink,Sale,-4.14
8/27/2021,8/29/2021,AMZN Mktp US*2D0KO87W2,Shopping,Sale,-30.54
8/27/2021,8/29/2021,LONGCROSS BAR AND KITCHEN,Food & Drink,Sale,-82.49
8/28/2021,8/29/2021,AMZN Mktp US*2D1B77US2,Shopping,Sale,-246.81
8/27/2021,8/29/2021,STAPLES       00100511,Shopping,Sale,-57.87
8/27/2021,8/27/2021,F45 TRAINING SAUGUS,Health & Wellness,Sale,-88
8/25/2021,8/26/2021,F45 TRAINING SAUGUS,Health & Wellness,Sale,-88
8/26/2021,8/26/2021,Amazon.com*2524U2LP0,Shopping,Sale,-19.18
8/24/2021,8/25/2021,DICK'S SPORTING GOODS,Shopping,Sale,-76.48
8/24/2021,8/24/2021,Payment Thank You-Mobile,,Payment,1993.49
8/22/2021,8/24/2021,BUFFALO WILD WINGS 3872,Food & Drink,Sale,-53.41
8/23/2021,8/24/2021,CHEWY.COM,Shopping,Sale,-54.1
8/23/2021,8/24/2021,COSTCO WHSE #0333,Shopping,Sale,-174.57
8/22/2021,8/24/2021,MBTA AIRPORT,Travel,Sale,-2.4
8/22/2021,8/24/2021,MBTA AIRPORT,Travel,Sale,-2.4
8/23/2021,8/23/2021,LYFT   *RIDE SUN 3PM,Travel,Sale,-12.99
8/22/2021,8/23/2021,TST* AMAZING CREPES,Food & Drink,Sale,-4.9
8/22/2021,8/23/2021,TST* AMAZING CREPES,Food & Drink,Sale,-25.48
8/22/2021,8/23/2021,TRADER JOE'S #506  QPS,Groceries,Sale,-67.24
8/22/2021,8/23/2021,TST* AMAZING CREPES,Food & Drink,Sale,-23.15
8/21/2021,8/23/2021,CONOCO - THRIFTWAY SS,Gas,Sale,-15
8/22/2021,8/23/2021,DELTA AIR   Baggage Fee,Travel,Sale,-30
8/21/2021,8/23/2021,CONOCO - ROVEROS INC,Gas,Sale,-9.26
8/20/2021,8/23/2021,GLACIER PARK MANY GLACIE,Entertainment,Sale,-22
8/21/2021,8/23/2021,FIC'S DINO MART,Gas,Sale,-10.07
8/20/2021,8/22/2021,MONTANA COFFEE TRADERS DO,Food & Drink,Sale,-22.88
8/21/2021,8/22/2021,TST* FLEUR BAKE SHOP,Food & Drink,Sale,-2.6
8/20/2021,8/22/2021,WEST GLACIER MERCANTIL,Groceries,Sale,-24.7
8/19/2021,8/22/2021,GNP CONSERVANCY - LOGAN P,Shopping,Sale,-27
8/21/2021,8/22/2021,TST* GUNSIGHT BAR &amp; GRILL,Food & Drink,Sale,-30
8/19/2021,8/22/2021,GNP CONSERVANCY - LOGAN P,Shopping,Sale,-15
8/21/2021,8/22/2021,TST* GUNSIGHT BAR &amp; GRILL,Food & Drink,Sale,-50
8/19/2021,8/22/2021,WEST GLACIER MERCANTIL,Groceries,Return,8.23
8/20/2021,8/22/2021,ST MARY GIFT SHOP,Shopping,Sale,-16.98
8/18/2021,8/20/2021,EXXONMOBIL    45943396,Gas,Sale,-33.17
8/18/2021,8/20/2021,FIC'S DINO MART,Gas,Sale,-3.88
8/18/2021,8/20/2021,FIC'S DINO MART,Gas,Sale,-40.97
8/18/2021,8/19/2021,HLLFRSH*2897954999,Groceries,Sale,-8.99
8/19/2021,8/19/2021,Subway 55750,Food & Drink,Sale,-17.75
8/18/2021,8/19/2021,CANYON FOODS,Groceries,Sale,-45.99
8/17/2021,8/19/2021,SNOWLODGE DINING &amp; BAR,Food & Drink,Sale,-73.3
8/19/2021,8/19/2021,Subway 55750,Food & Drink,Sale,-10.25
8/18/2021,8/19/2021,HLLFRSH*2134712999,Groceries,Sale,-39.96
8/17/2021,8/19/2021,RECREATION.GOV,Bills & Utilities,Sale,-4
8/17/2021,8/19/2021,RECREATION.GOV,Bills & Utilities,Sale,-2
8/17/2021,8/18/2021,CANYON VILLAGE STATION,Gas,Sale,-41.42
8/16/2021,8/18/2021,OLD FAITHFUL UPPER,Shopping,Sale,-9.99
8/16/2021,8/18/2021,OLD FAITHFUL UPPER,Shopping,Sale,-6.91
8/16/2021,8/18/2021,SNOWLODGE DINING &amp; BAR,Food & Drink,Sale,-5.36
8/16/2021,8/18/2021,SNOWLODGE DINING &amp; BAR,Food & Drink,Sale,-30.76
8/15/2021,8/17/2021,TOWER JUNCTION STATION,Gas,Sale,-45.91
8/16/2021,8/17/2021,SQ *LAS PALMITAS INC,Food & Drink,Sale,-26.66
8/16/2021,8/16/2021,Offer:Starbucks,Fees & Adjustments,Adjustment,0.51
8/16/2021,8/16/2021,Offer:McDonalds,Fees & Adjustments,Adjustment,1.66
8/15/2021,8/16/2021,TST* OHM - GOURMANDISE,Food & Drink,Sale,-19.35
8/14/2021,8/16/2021,DELTA AIR   Baggage Fee,Travel,Sale,-30
8/15/2021,8/16/2021,GARDINER MARKET,Groceries,Sale,-14.68
8/15/2021,8/16/2021,F45 TRAINING SAUGUS,Health & Wellness,Return,88
8/14/2021,8/16/2021,SAFEWAY #2999,Groceries,Sale,-183.17
8/14/2021,8/15/2021,TST* KANE S DONUTS - ROUT,Food & Drink,Sale,-10.69
8/14/2021,8/15/2021,F45 TRAINING SAUGUS,Health & Wellness,Sale,-88
8/14/2021,8/15/2021,ROXY'S MARKET,Groceries,Sale,-19.75
8/12/2021,8/15/2021,FIVE GUYS MA 1268 QSR,Food & Drink,Sale,-24.07
8/14/2021,8/15/2021,FEED CAFE,Food & Drink,Sale,-35.5
8/13/2021,8/13/2021,Payment Thank You-Mobile,,Payment,1500
8/12/2021,8/13/2021,SAUGUS DELI &amp; PIZZERIA,Food & Drink,Sale,-13.6
8/13/2021,8/13/2021,AMZN Mktp US*2D7F21011,Shopping,Sale,-29.93
8/10/2021,8/11/2021,IKEA STOUGHTON,Home,Sale,-91.22
8/10/2021,8/11/2021,IKEA STOUGHTON REST,Food & Drink,Sale,-3.98
8/9/2021,8/11/2021,STARBUCKS STORE 13978,Food & Drink,Sale,-5.08
8/10/2021,8/11/2021,IKEA STOUGHTON REST,Food & Drink,Sale,-21.16
8/10/2021,8/11/2021,MCDONALD'S F2392,Food & Drink,Sale,-16.55
8/8/2021,8/9/2021,TST* SWISSBAKERS - ALLSTO,Food & Drink,Sale,-32.5
8/8/2021,8/9/2021,SCC ANIMAL SHELTER,Shopping,Sale,-10
8/7/2021,8/8/2021,Amazon.com*2P7EL7UG1,Shopping,Sale,-4.68
8/7/2021,8/8/2021,Amazon.com*2P5952SZ0,Shopping,Sale,-5.65
8/7/2021,8/8/2021,TST* SWISSBAKERS - READIN,Food & Drink,Sale,-15
8/5/2021,8/8/2021,TSAOCAA TEA,Food & Drink,Sale,-12.31
8/4/2021,8/5/2021,GLACIER GUIDES,Entertainment,Sale,-265.32
8/4/2021,8/5/2021,AMZN Mktp US*2P4LH6DH1,Shopping,Sale,-50.3
8/4/2021,8/5/2021,AMZN Mktp US*2P5OZ1EH2,Shopping,Sale,-29.43
8/3/2021,8/5/2021,MIKES PASTRY II,Food & Drink,Sale,-16.05
8/5/2021,8/5/2021,Amazon.com*2P9T56SP1,Shopping,Sale,-37.18
8/4/2021,8/5/2021,HLLFRSH*2696147169,Groceries,Sale,-98.82
8/3/2021,8/4/2021,ALTAR'D STATE ECOMM #100,Shopping,Sale,-19.99
8/2/2021,8/4/2021,ALDI 73079,Groceries,Sale,-55.61
8/4/2021,8/4/2021,AIRBNB  HMWNCHA38A,Travel,Sale,-352.1
8/2/2021,8/3/2021,ALTAR'D STATE ECOMM #100,Shopping,Sale,-15.99
8/2/2021,8/3/2021,ALTAR'D STATE ECOMM #100,Shopping,Sale,-44.98
8/2/2021,8/3/2021,ALTAR'D STATE ECOMM #100,Shopping,Sale,-25.99
8/2/2021,8/3/2021,ALTAR'D STATE ECOMM #100,Shopping,Sale,-19.99
8/1/2021,8/2/2021,SPEEDWAY 02481,Gas,Sale,-34.31
8/1/2021,8/2/2021,SQ *TSAOCAA (BOSTON),Food & Drink,Sale,-5.63
8/1/2021,8/2/2021,TST* KANE S DONUTS - ROUT,Food & Drink,Sale,-22.65
7/30/2021,8/1/2021,ENJOY BETTER COFFEE,Shopping,Sale,-88.25
7/31/2021,8/1/2021,UDEMY ONLINE COURSES,Education,Sale,-12.59
7/30/2021,8/1/2021,GIBBS OIL #1334,Gas,Sale,-9.1
7/31/2021,8/1/2021,F45 TRAINING SAUGUS,Health & Wellness,Sale,-88
7/30/2021,8/1/2021,TSAOCAA TEA,Food & Drink,Sale,-11.72
7/30/2021,7/30/2021,PAYPAL *UDEMY,Education,Sale,-13.99
7/30/2021,7/30/2021,F45 TRAINING SAUGUS,Health & Wellness,Sale,-88
7/30/2021,7/30/2021,UDEMY: ONLINE COURSES,Education,Sale,-46.77
7/28/2021,7/29/2021,POPEYES 11230,Food & Drink,Sale,-21.38
7/28/2021,7/29/2021,HLLFRSH*2944427769,Groceries,Sale,-35.96
7/28/2021,7/29/2021,HLLFRSH*2745478769,Groceries,Sale,-98.82
7/27/2021,7/28/2021,TRADER JOE'S #506  QPS,Groceries,Sale,-41.64
7/25/2021,7/27/2021,TSAOCAA TEA,Food & Drink,Sale,-26.43
7/23/2021,7/25/2021,AMZN Mktp US*2E1Y07QQ0,Shopping,Sale,-38.51
7/23/2021,7/25/2021,TST* NACO TACO,Food & Drink,Sale,-179
7/24/2021,7/25/2021,WM SUPERCENTER #3114,Groceries,Sale,-20.49
7/23/2021,7/25/2021,PAS*PASSPT CAMBRIDG P,Travel,Sale,-1
7/22/2021,7/22/2021,Payment Thank You-Mobile,,Payment,1100.7
7/20/2021,7/22/2021,TSAOCAA TEA,Food & Drink,Sale,-12.73
7/21/2021,7/22/2021,HLLFRSH*2275248969,Groceries,Sale,-119.78
7/21/2021,7/21/2021,LYFT   *RIDE MON 4PM,Travel,Sale,-31.72
7/19/2021,7/21/2021,MSP AIRP PANDA EXPRESS 12,Food & Drink,Sale,-8.59
7/19/2021,7/21/2021,QUANGS,Food & Drink,Sale,-72.34
7/20/2021,7/20/2021,TST* FAMIGLIA FORNACIARI,Food & Drink,Sale,-23.54
7/18/2021,7/19/2021,adidas 6145 Albertville,Shopping,Return,11.02
7/18/2021,7/19/2021,adidas 6145 Albertville,Shopping,Sale,-111.96
7/18/2021,7/19/2021,UNCOMMON GROUNDS,Groceries,Sale,-7
7/18/2021,7/19/2021,LULULEMON ALBERTVILLE,Shopping,Sale,-98
7/18/2021,7/18/2021,LYFT   *RIDE SAT 2AM,Travel,Sale,-35.99
7/14/2021,7/15/2021,WALGREENS #2577,Health & Wellness,Sale,-16.46
7/13/2021,7/15/2021,CUMBERLAND FARMS 6757,Gas,Sale,-34.85
7/13/2021,7/15/2021,DUNKIN' MOBILE,Food & Drink,Sale,-25
7/14/2021,7/15/2021,HLLFRSH*2941429269,Groceries,Sale,-95.13
7/13/2021,7/14/2021,MARKET BASKET 00000828,Groceries,Sale,-22.29
7/13/2021,7/14/2021,COSTCO WHSE #0301,Shopping,Sale,-232.73
7/13/2021,7/14/2021,NAYAX VENDING 25,Food & Drink,Sale,-1.5
7/13/2021,7/14/2021,NAYAX VENDING 25,Food & Drink,Sale,-1.5
7/13/2021,7/14/2021,RMV DANVERS,Bills & Utilities,Sale,-30
7/11/2021,7/12/2021,BIG FUN CAFE,Food & Drink,Sale,-27.66
7/11/2021,7/12/2021,99 RANCH MARKET #16,Groceries,Sale,-140.46
7/1/2021,7/1/2021,ANNUAL MEMBERSHIP FEE,Fees & Adjustments,Fee,-95
